Abl Schools,San Francisco,2015,https://ablschools.com/
Abstract,"2567 Mission Street, San Francisco,  CA  94110 ",2015,https://www.goabstract.com/
Airware,"343 Sansome St #600, San Francisco, CA 94104",2011,https://www.airware.com/
Algolia,"589 Howard St, San Francisco, CA 94105",2012,https://www.algolia.com/
Alpha Sense,"One Sansome St Suite 3500, San Francisco, CA 94104",2010,https://www.alpha-sense.com/
AltSchool,"1245 Folsom St, San Francisco, CA 94103",2013,https://www.altschool.com/
Apteligent ,"760 Market St #1101, San Francisco, CA 94102",2011,http://www.apteligent.com/ 
Beyond Games,"655 Montgomery St, San Francisco, CA 94111",2013,https://www.beyondgames.co/
Binti,"3951 18th Street, San Francisco, CA 94114",2014,https://binti.com/
blend labs,"100 Montgomery St Floor 25, San Francisco, CA 94104",2012,https://blend.com/
Bloc,"110 Sutter St, San Francisco, CA 94104",2011,https://www.bloc.io/
BloomThat,"1409 Minnesota St, San Francisco, CA 94107",2013,https://www.bloomthat.com/
Blurb,"580 California St # 300, San Francisco, CA 94104",2005,http://www.blurb.com/
BrightBytes,"490 2nd Street Suite 302 San Francisco, CA 94107",2012,http://www.brightbytes.net/
Castle,"60 Rausch St #205, San Francisco, CA 94103",2014,https://castle.io/
Checkr,"2505 Mariposa St, San Francisco, CA 94110",2014,https://checkr.com/
Clara Lending,"222 Sutter St, San Francisco, CA 94108",2014,https://clara.com/
Clearbit,"601 4th Street, Suite #310, San Francisco, CA 94107",2014,https://clearbit.com
Climate Corporation,"201 3rd St #1100, San Francisco, CA 94103",2006,https://climate.com/
Cloud4Wi,"363 Clementina St, San Francisco, CA 94103",2002,https://cloud4wi.com/
Clover Health,"22 4th St 6th floor, San Francisco, CA 94103",2013,https://www.cloverhealth.com/en/
Cricket Health,"540 Howard St 2nd Floor, San Francisco, CA 94105",2014,https://crickethealth.com/
CrowdFlower,"2111 Mission St #302, San Francisco, CA 94110",2008,https://www.crowdflower.com/
DataFox,"835 Howard St, San Francisco, CA 94103",2013,https://www.datafox.com/
Delivery Agent,"300 California St # 3, San Francisco, CA 94104",2001,http://www.deliveryagent.com/
Disqus,"301 Howard St, San Francisco, CA 94105",2007,https://disqus.com/
Earnest,"1455 Market Street 18th Floor, San Francisco, CA 94103",2013,https://www.earnest.com/
Eat Club,"75 Columbia Square, San Francisco, CA 94103",2010,https://www.eatclub.com/
Eero,"500 Howard St #900, San Francisco, CA 94105",2015,https://eero.com/
enSilo,"182 Second Street Suite 210, San Francisco, CA 94105",2014,https://www.ensilo.com/
Entelo,"123 Mission St #2400, San Francisco, CA 94105",2011,https://www.entelo.com/
Extole,"350 Sansome St #700, San Francisco, CA 94104",2007,https://www.extole.com/
Flexport,"760 Market St, San Francisco, CA 94102",2013,https://www.flexport.com/
Forward,"180 Sutter St, San Francisco, CA 94104",2016,https://goforward.com/
Fundbox,"300 Montgomery St, San Francisco, CA 94104",2012,https://fundbox.com/
FundersClub,2325 3rd St. San Francisco CA 94107,2012,https://fundersclub.com/
Getaround,"1177 Harrison St, San Francisco, CA 94103",2009,https://www.getaround.com/
Gumroad,"225 Valencia St a, San Francisco, CA 94103",2011,https://gumroad.com/
Haven,"25 Kearny St. Suite 304, San Francisco, CA 94108",2014,https://haveninc.com/
Helpshift,"100 Bush St #950, San Francisco, CA 94104",2011,https://www.helpshift.com/
HotelTonight,"901 Market St #310, San Francisco, CA 94103",2010,https://www.hoteltonight.com/
inDinero,"50 Osgood Pl #220, San Francisco, CA 94133",2009,https://www.indinero.com/
insightly,"680 Folsom St #550, San Francisco, CA 94107",2009,https://www.insightly.com/
Jumpshot,"329 Bryant St. Suite 3C, San Francisco, CA 94107",2014,https://www.jumpshot.com/
June Oven,"649 Front Street, San Francisco, CA 94111",2013,https://juneoven.com/
Kentik,"625 2nd Street Suite 100, San Francisco, CA 94107",2014,https://www.kentik.com
Leadspace,"47 Kearny St. Suite 600, San Francisco CA 94108",2007,https://www.leadspace.com/
Leanplum,"1550 Bryant St, San Francisco, CA 94103",2012,https://www.leanplum.com/
Leap Motion,"333 Bryant St ll150, San Francisco, CA 94107",2010,https://www.leapmotion.com/
LendingHome,"1 California St, San Francisco, CA 94111",2013,https://www.lendinghome.com/
Lever,"989 Market St #450, San Francisco, CA 94103",2012,https://www.lever.co/ 
Liftopia,"1061 Market St. Floor 4, San Francisco, CA 94103",2005,https://about.liftopia.com/index.html
Lightbend,"625 Market St Suite 1000, San Francisco, CA 94105",2011,http://www.lightbend.com/
Linqia,"77 Maiden Ln, San Francisco, CA 94108",2012,http://www.linqia.com/
Lob,"185 Berry St #6600, San Francisco, CA 94107",2013,https://lob.com/
Logikcull,"330 Townsend Street Suite 335 San Francisco, CA 94107 ",2004,http://logikcull.com/
Looker,"1157 Harrison St, San Francisco, CA 94103",2011,https://looker.com/
Mashery (acquired),"575 Market St, San Francisco, CA 94105",2006,https://www.mashery.com/
Massdrop,San Francisco,2012,https://www.massdrop.com
MemSQL,"534 Fourth Street, San Francisco, CA 94107",2011,http://www.memsql.com/
Metric Insights,"123 10th St, San Francisco, CA 94103",2010,http://www.metricinsights.com/
Metromile,"690 Folsom St Suite 200, San Francisco, CA 94107",2011,https://www.metromile.com/
MissionU,"466 Geary St Suite 401, San Francisco, CA 94102",2016,https://www.missionu.com/
Mixpanel,"405 Howard St, San Francisco, CA 94105",2009,https://mixpanel.com/
MoogSoft,"1265 Battery St, San Francisco CA 94111",2011,https://www.moogsoft.com/
Nova Credit,"2 Mint Plaza, San Francisco, CA 94103",2015,http://neednova.com/
Pantheon,"717 California St Floor 2, San Francisco, CA 94108",2010,https://pantheon.io/
Parsable,"425 2nd Street, San Francisco, CA 94107",2013,https://www.parsable.com
Pique Tea,"4083 24th Street #460610, San Francisco, CA 94114",2014,https://www.piquetea.com/
Planet,"346 9th Street, San Francisco, CA 94103",2010,https://www.planet.com
RaiseMe,"180 Capp St #5, San Francisco, CA 94110",2012,https://www.raise.me
Remind,"77 Stillman St, San Francisco, CA 94107",2011,https://www.remind.com
Sano,"925 Harrison Street, San Francisco, CA 94107",2011,https://sano.co/
Sift Science,"123 Mission St #2000, San Francisco, CA 94105",2011,https://siftscience.com
Sight Machine,"300 Broadway #28, San Francisco, CA 94133",2012,http://sightmachine.com/
Sindeo,"69 Green Street, San Francisco, CA 94111",2013,https://www.sindeo.com/
SmartBiz Loans,"417 Montgomery Street, San Francisco, CA 94104",2013,https://www.smartbizloans.com/
Square,"1455 Market St #600, San Francisco, CA 94103",2009,https://squareup.com/
Stich Labs,"489 Clementina St, San Francisco, CA 94103",2011,https://www.stitchlabs.com/
Swift Navigation,"1543 Mission St, San Francisco, CA 94103",2012,https://www.swiftnav.com/
Swrve,"55 Stockton St #400, San Francisco, CA 94108",2011,https://www.swrve.com/
TaskRabbit,"425 2nd St, San Francisco, CA 94107",2008,https://www.taskrabbit.com/
Thunder,"530 Bush Street, San Francisco, CA 94108",2007,https://www.makethunder.com/
Turo,"667 Mission St, San Francisco, CA 94105",2009,https://turo.com/
Twilio,"375 Beale St, San Francisco, CA 94105",2008,https://www.twilio.com/
Uber,"1455 Market St #400, San Francisco, CA 94103",2009,https://www.uber.com/
Upsight,"501 Folsom St, San Francisco, CA 94105",2007,http://www.upsight.com/
UrbanSitter,San Francisco,2010,https://www.urbansitter.com/
Viglink,"505 Sansome St Suite 1450, San Francisco, CA 94111",2009,http://www.viglink.com/
Wake,"1939 Market St, San Francisco, CA 94103",2013,https://wake.com
Wanelo,"375 Alabama St #400, San Francisco, CA 94110",2011,https://wanelo.com/
Wonderschool,San Francisco,2016,https://www.wonderschool.com/
Zendrive,"495 3rd Street, San Francisco, CA 94107",2013,https://www.zendrive.com/
Zignal Labs,"995 Market St, San Francisco, CA 94103",2011,http://zignallabs.com/
Zozi,"1 Beach St #300, San Francisco, CA 94133",2008,https://www.zozi.com/careers